{"metadata":{"asset_id":"549d1792-8c0c-4574-91ab-bf087666c4a6","asset_attributes":["notebook"],"name":"SpaceX Data Collection API","asset_type":"notebook","created_at":"2023-03-25T20:26:52Z","description":"Collecting Data using an API","origin_country":"us","owner_id":"IBMid-667000A8V5","project_id":"4a0ff5e8-7def-4fa4-9933-ec3e817d646f","size":509880,"tags":["notebook"],"usage":{"last_update_time":1679779135904,"last_updated_at":"2023-03-25T21:18:55Z"}},"entity":{"notebook":{"kernel":{"name":"python3","display_name":"Python 3.10","language":"python"},"originates_from":{"type":"blank"},"runtime":{"environment":"rt222pys2-4a0ff5e8-7def-4fa4-9933-ec3e817d646f"}},"location_definition":{"physical_location_code":"DAL","physical_location_code_assigned_by":"IBMid-667000A8V5","physical_location_code_rds_id":"c57cb90f-2126-3800-9c9f-9eab82021cdf","physical_location_code_rds_version":"00002022-1105-4155-8341-068843000000_2","physical_location_code_assignment_method":"INFERRED","physical_location_code_added_on":"1679613243927"}},"attachments":[{"id":"e644681c-ec68-4f21-9522-925d80bc5e9d","version":2,"asset_type":"notebook","name":"attachment for notebook 549d1792-8c0c-4574-91ab-bf087666c4a6","description":"attachment for notebook 549d1792-8c0c-4574-91ab-bf087666c4a6","mime":"application/json","datasource_type":"193a97c1-4475-4a19-b90c-295c4fdc6517","object_key":"notebook/SpaceX_Data_Collection_API_bv9tmMGKf.ipynb","creator_id":"IBMid-667000A8V5","create_time":1679776013418,"size":509880,"is_remote":false,"is_managed":false,"is_referenced":true,"is_object_key_read_only":false,"is_user_provided_path_key":true,"transfer_complete":true,"is_partitioned":false,"complete_time_ticks":1679776013418,"user_data":{},"test_doc":0,"handle":{"bucket":"matt39sibmdatasciencecapstoneproj-donotdelete-pr-qsvq1nnxyazshp","location":"us-south","type":"bluemix_cos","key":"notebook/SpaceX_Data_Collection_API_bv9tmMGKf.ipynb","upload_id":"done","max_part_num":1},"usage":{"access_count":18,"last_accessor_id":"IBMid-667000A8V5","last_access_time":1679779125052,"last_updater_id":"IBMid-667000A8V5","last_update_time":1679779125052}}]}
