{"metadata":{"asset_id":"2f8474a4-ba7c-4337-96f2-86bacfd5c39a","asset_attributes":["notebook"],"name":"SpaceX Data Webscraping","asset_type":"notebook","created_at":"2023-03-25T21:21:12Z","description":"Data Collection using Webscraping","origin_country":"us","owner_id":"IBMid-667000A8V5","project_id":"4a0ff5e8-7def-4fa4-9933-ec3e817d646f","size":1805330,"tags":["notebook"],"usage":{"last_update_time":1679785639594,"last_updated_at":"2023-03-25T23:07:19Z"}},"entity":{"notebook":{"kernel":{"name":"python3","display_name":"Python 3.10","language":"python"},"originates_from":{"type":"blank"},"runtime":{"environment":"rt222pys2-4a0ff5e8-7def-4fa4-9933-ec3e817d646f"}},"location_definition":{"physical_location_code":"DAL","physical_location_code_assigned_by":"IBMid-667000A8V5","physical_location_code_rds_id":"c57cb90f-2126-3800-9c9f-9eab82021cdf","physical_location_code_rds_version":"00002022-1105-4155-8341-068843000000_2","physical_location_code_assignment_method":"INFERRED","physical_location_code_added_on":"1679613243927"}},"attachments":[{"id":"dc0fe373-d266-43d4-b9ac-cf5c7989f2bf","version":2,"asset_type":"notebook","name":"attachment for notebook 2f8474a4-ba7c-4337-96f2-86bacfd5c39a","description":"attachment for notebook 2f8474a4-ba7c-4337-96f2-86bacfd5c39a","mime":"application/json","datasource_type":"193a97c1-4475-4a19-b90c-295c4fdc6517","object_key":"notebook/SpaceX_Data_Webscraping_QUt6QbE4B.ipynb","creator_id":"IBMid-667000A8V5","create_time":1679779273331,"size":1805330,"is_remote":false,"is_managed":false,"is_referenced":true,"is_object_key_read_only":false,"is_user_provided_path_key":true,"transfer_complete":true,"is_partitioned":false,"complete_time_ticks":1679779273331,"user_data":{},"test_doc":0,"handle":{"bucket":"matt39sibmdatasciencecapstoneproj-donotdelete-pr-qsvq1nnxyazshp","location":"us-south","type":"bluemix_cos","key":"notebook/SpaceX_Data_Webscraping_QUt6QbE4B.ipynb","upload_id":"done","max_part_num":1},"usage":{"access_count":30,"last_accessor_id":"IBMid-667000A8V5","last_access_time":1679785513057,"last_updater_id":"IBMid-667000A8V5","last_update_time":1679785513057}}]}
