{"metadata":{"asset_id":"47c14c8e-f04a-4627-b579-5f7b005e383c","asset_attributes":["notebook"],"name":"SpaceX Exploratory Data Analysis","asset_type":"notebook","created_at":"2023-03-26T16:46:36Z","description":"Data Wrangling using SpaceX dataset","origin_country":"us","owner_id":"IBMid-667000A8V5","project_id":"4a0ff5e8-7def-4fa4-9933-ec3e817d646f","size":33506,"tags":["notebook"],"usage":{"last_update_time":1679852184558,"last_updated_at":"2023-03-26T17:36:24Z"}},"entity":{"notebook":{"kernel":{"name":"python3","display_name":"Python 3.10","language":"python"},"originates_from":{"type":"blank"},"runtime":{"environment":"rt222pys2-4a0ff5e8-7def-4fa4-9933-ec3e817d646f"}},"location_definition":{"physical_location_code":"DAL","physical_location_code_assigned_by":"IBMid-667000A8V5","physical_location_code_rds_id":"c57cb90f-2126-3800-9c9f-9eab82021cdf","physical_location_code_rds_version":"00002022-1105-4155-8341-068843000000_2","physical_location_code_assignment_method":"INFERRED","physical_location_code_added_on":"1679613243927"}},"attachments":[{"id":"e354e180-83c3-4a45-b671-f7460953c745","version":2,"asset_type":"notebook","name":"attachment for notebook 47c14c8e-f04a-4627-b579-5f7b005e383c","description":"attachment for notebook 47c14c8e-f04a-4627-b579-5f7b005e383c","mime":"application/json","datasource_type":"193a97c1-4475-4a19-b90c-295c4fdc6517","object_key":"notebook/SpaceX_Exploratory_Data_Analysis_R88CFYtWM.ipynb","creator_id":"IBMid-667000A8V5","create_time":1679849196824,"size":33506,"is_remote":false,"is_managed":false,"is_referenced":true,"is_object_key_read_only":false,"is_user_provided_path_key":true,"transfer_complete":true,"is_partitioned":false,"complete_time_ticks":1679849196824,"user_data":{},"test_doc":0,"handle":{"bucket":"matt39sibmdatasciencecapstoneproj-donotdelete-pr-qsvq1nnxyazshp","location":"us-south","type":"bluemix_cos","key":"notebook/SpaceX_Exploratory_Data_Analysis_R88CFYtWM.ipynb","upload_id":"done","max_part_num":1},"usage":{"access_count":15,"last_accessor_id":"IBMid-667000A8V5","last_access_time":1679851661631,"last_updater_id":"IBMid-667000A8V5","last_update_time":1679851661631}}]}
